Spiel_ID;Spieltag;Datum;Uhrzeit;Heim;Gast;Tore_Heim;Tore_Gast;
1;1;2017-08-18;20:30:00;1;4;3;1;
2;1;2017-08-19;15:30:00;9;15;1;0;
3;1;2017-08-19;15:30:00;14;2;0;3;
4;1;2017-08-19;15:30:00;11;13;2;0;
5;1;2017-08-19;15:30:00;17;8;1;0;
6;1;2017-08-19;15:30:00;16;7;0;1;
7;1;2017-08-19;18:30:00;6;5;2;0;
8;1;2017-08-20;15:30:00;12;3;0;0;
9;1;2017-08-20;18:00:00;10;18;1;0;
10;2;2017-08-25;20:30:00;18;17;1;3;
11;2;2017-08-26;15:30:00;13;16;1;0;
12;2;2017-08-26;15:30:00;4;9;2;2;
13;2;2017-08-26;15:30:00;3;14;0;1;
14;2;2017-08-26;15:30:00;15;1;0;2;
15;2;2017-08-26;15:30:00;8;10;2;2;
16;2;2017-08-26;18:30:00;2;11;2;0;
17;2;2017-08-27;15:30:00;5;12;4;1;
18;2;2017-08-27;18:00:00;7;6;1;0;
19;3;2017-09-08;20:30:00;17;5;0;2;
20;3;2017-09-09;15:30:00;16;4;3;1;
21;3;2017-09-09;15:30:00;10;3;0;1;
22;3;2017-09-09;15:30:00;12;2;0;0;
23;3;2017-09-09;15:30:00;8;18;3;0;
24;3;2017-09-09;15:30:00;14;7;1;1;
25;3;2017-09-09;18:30:00;9;1;2;0;
26;3;2017-09-10;15:30:00;11;15;1;1;
27;3;2017-09-10;18:00:00;6;13;3;1;
28;4;2017-09-15;20:30:00;7;17;2;0;
29;4;2017-09-16;15:30:00;13;14;1;0;
30;4;2017-09-16;15:30:00;15;6;1;2;
31;4;2017-09-16;15:30:00;3;8;1;2;
32;4;2017-09-16;15:30:00;1;16;4;0;
33;4;2017-09-16;18:30:00;5;10;2;2;
34;4;2017-09-17;13:30:00;9;11;1;1;
35;4;2017-09-17;15:30:00;4;12;4;0;
36;4;2017-09-17;18:00:00;2;18;5;0;
37;5;2017-09-19;18:30:00;10;13;2;0;
38;5;2017-09-19;20:30:00;6;1;0;3;
39;5;2017-09-19;20:30:00;8;5;1;0;
40;5;2017-09-19;20:30:00;14;15;1;1;
41;5;2017-09-20;18:30:00;18;3;0;1;
42;5;2017-09-20;20:30:00;12;7;1;1;
43;5;2017-09-20;20:30:00;16;9;2;3;
44;5;2017-09-20;20:30:00;17;2;0;3;
45;5;2017-09-20;20:30:00;11;4;2;1;
46;6;2017-09-22;20:30:00;1;14;2;2;
47;6;2017-09-23;15:30:00;9;6;2;0;
48;6;2017-09-23;15:30:00;16;11;1;0;
49;6;2017-09-23;15:30:00;13;8;0;0;
50;6;2017-09-23;15:30:00;15;12;0;0;
51;6;2017-09-23;15:30:00;5;3;2;1;
52;6;2017-09-23;18:30:00;2;10;6;1;
53;6;2017-09-24;15:30:00;7;18;0;0;
54;6;2017-09-24;18:00:00;4;17;3;0;
55;7;2017-09-29;20:30:00;6;4;1;1;
56;7;2017-09-30;15:30:00;10;7;2;1;
57;7;2017-09-30;15:30:00;3;13;2;1;
58;7;2017-09-30;15:30:00;14;16;1;1;
59;7;2017-09-30;15:30:00;8;2;1;2;
60;7;2017-09-30;18:30:00;17;15;0;0;
61;7;2017-10-01;13:30:00;12;9;3;2;
62;7;2017-10-01;15:30:00;11;1;2;2;
63;7;2017-10-01;18:00:00;18;5;1;2;
64;8;2017-10-13;20:30:00;13;18;2;1;
65;8;2017-10-14;15:30:00;9;8;2;2;
66;8;2017-10-14;15:30:00;7;3;1;2;
67;8;2017-10-14;15:30:00;16;17;3;2;
68;8;2017-10-14;15:30:00;11;6;0;2;
69;8;2017-10-14;15:30:00;1;12;5;0;
70;8;2017-10-14;18:30:00;2;5;2;3;
71;8;2017-10-15;15:30:00;4;14;2;2;
72;8;2017-10-15;18:00:00;15;10;0;2;
73;9;2017-10-20;20:30:00;6;16;2;0;
74;9;2017-10-21;15:30:00;10;4;1;5;
75;9;2017-10-21;15:30:00;3;2;2;2;
76;9;2017-10-21;15:30:00;8;7;1;2;
77;9;2017-10-21;15:30:00;5;13;1;0;
78;9;2017-10-21;18:30:00;17;1;0;1;
79;9;2017-10-22;13:30:00;18;15;0;0;
80;9;2017-10-22;15:30:00;12;11;1;1;
81;9;2017-10-22;18:00:00;14;9;1;1;
82;10;2017-10-27;20:30:00;16;3;1;1;
83;10;2017-10-28;15:30:00;7;2;4;2;
84;10;2017-10-28;15:30:00;9;10;1;3;
85;10;2017-10-28;15:30:00;4;18;2;1;
86;10;2017-10-28;15:30:00;11;17;2;1;
87;10;2017-10-28;15:30:00;6;14;1;1;
88;10;2017-10-28;18:30:00;1;5;2;0;
89;10;2017-10-29;15:30:00;15;8;0;3;
90;10;2017-10-29;18:00:00;13;12;3;0;
91;11;2017-11-03;20:30:00;3;15;2;1;
92;11;2017-11-04;15:30:00;10;16;1;1;
93;11;2017-11-04;15:30:00;12;6;0;1;
94;11;2017-11-04;15:30:00;17;13;3;1;
95;11;2017-11-04;15:30:00;8;4;1;1;
96;11;2017-11-04;15:30:00;5;7;2;1;
97;11;2017-11-04;18:30:00;2;1;1;3;
98;11;2017-11-05;15:30:00;18;9;0;3;
99;11;2017-11-05;18:00:00;14;11;3;3;
100;12;2017-11-17;20:30:00;13;2;2;1;
101;12;2017-11-18;15:30:00;9;3;1;1;
102;12;2017-11-18;15:30:00;16;18;1;0;
103;12;2017-11-18;15:30:00;4;5;2;2;
104;12;2017-11-18;15:30:00;14;12;3;1;
105;12;2017-11-18;15:30:00;1;8;3;0;
106;12;2017-11-18;18:30:00;11;10;2;4;
107;12;2017-11-19;15:30:00;6;17;2;0;
108;12;2017-11-19;18:00:00;15;7;4;0;
109;13;2017-11-24;20:30:00;7;13;1;1;
110;13;2017-11-25;15:30:00;3;4;0;1;
111;13;2017-11-25;15:30:00;12;16;2;1;
112;13;2017-11-25;15:30:00;2;6;4;4;
113;13;2017-11-25;15:30:00;8;14;2;1;
114;13;2017-11-25;15:30:00;5;15;2;0;
115;13;2017-11-25;18:30:00;10;1;2;1;
116;13;2017-11-26;15:30:00;17;9;3;0;
117;13;2017-11-26;18:00:00;18;11;0;2;
118;14;2017-12-01;20:30:00;12;17;0;0;
119;14;2017-12-02;15:30:00;9;5;4;0;
120;14;2017-12-02;15:30:00;16;8;1;3;
121;14;2017-12-02;15:30:00;4;2;1;1;
122;14;2017-12-02;15:30:00;15;13;1;0;
123;14;2017-12-02;15:30:00;1;7;3;1;
124;14;2017-12-02;18:30:00;6;18;2;2;
125;14;2017-12-03;15:30:00;11;3;1;2;
126;14;2017-12-03;18:00:00;14;10;3;0;
127;15;2017-12-08;20:30:00;13;4;0;2;
128;15;2017-12-09;15:30:00;3;1;0;1;
129;15;2017-12-09;15:30:00;2;15;1;2;
130;15;2017-12-09;15:30:00;17;14;0;0;
131;15;2017-12-09;15:30:00;5;16;2;2;
132;15;2017-12-09;18:30:00;10;6;1;1;
133;15;2017-12-10;14:00:00;18;12;3;4;
134;15;2017-12-10;15:30:00;7;9;2;0;
135;15;2017-12-10;18:00:00;8;11;1;1;
136;16;2017-12-12;18:30:00;14;5;1;1;
137;16;2017-12-12;20:30:00;16;2;0;2;
138;16;2017-12-12;20:30:00;12;10;1;0;
139;16;2017-12-12;20:30:00;17;3;1;2;
140;16;2017-12-13;18:30:00;9;13;1;0;
141;16;2017-12-13;20:30:00;1;18;1;0;
142;16;2017-12-13;20:30:00;4;15;1;0;
143;16;2017-12-13;20:30:00;6;8;3;2;
144;16;2017-12-13;20:30:00;11;7;3;1;
145;17;2017-12-15;20:30:00;10;17;3;1;
146;17;2017-12-16;15:30:00;18;14;1;0;
147;17;2017-12-16;15:30:00;3;6;2;2;
148;17;2017-12-16;15:30:00;13;1;0;1;
149;17;2017-12-16;15:30:00;15;16;2;2;
150;17;2017-12-16;15:30:00;8;12;3;3;
151;17;2017-12-16;18:30:00;2;9;2;1;
152;17;2017-12-17;15:30:00;7;4;4;4;
153;17;2017-12-17;18:00:00;5;11;2;3;
154;18;2018-01-12;20:30:00;4;1;1;3;
155;18;2018-01-13;15:30:00;7;16;3;2;
156;18;2018-01-13;15:30:00;15;9;1;1;
157;18;2018-01-13;15:30:00;13;11;1;0;
158;18;2018-01-13;15:30:00;8;17;1;0;
159;18;2018-01-13;15:30:00;3;12;1;1;
160;18;2018-01-13;18:30:00;5;6;3;1;
161;18;2018-01-14;15:30:00;18;10;2;1;
162;18;2018-01-14;18:00:00;2;14;0;0;
163;19;2018-01-19;20:30:00;11;2;1;1;
164;19;2018-01-20;15:30:00;10;8;2;0;
165;19;2018-01-20;15:30:00;12;5;2;1;
166;19;2018-01-20;15:30:00;16;13;3;2;
167;19;2018-01-20;15:30:00;14;3;1;3;
168;19;2018-01-20;15:30:00;9;4;1;4;
169;19;2018-01-20;18:30:00;17;18;0;2;
170;19;2018-01-21;15:30:00;1;15;4;2;
171;19;2018-01-21;18:00:00;6;7;1;1;
172;20;2018-01-26;20:30:00;3;10;2;0;
173;20;2018-01-27;15:30:00;1;9;5;2;
174;20;2018-01-27;15:30:00;2;12;2;2;
175;20;2018-01-27;15:30:00;5;17;1;1;
176;20;2018-01-27;15:30:00;18;8;1;1;
177;20;2018-01-27;15:30:00;13;6;0;2;
178;20;2018-01-27;18:30:00;15;11;0;0;
179;20;2018-01-28;15:30:00;4;16;2;0;
180;20;2018-01-28;18:00:00;7;14;0;1;
181;21;2018-02-02;20:30:00;18;2;2;3;
182;21;2018-02-03;15:30:00;16;1;0;2;
183;21;2018-02-03;15:30:00;11;9;1;1;
184;21;2018-02-03;15:30:00;6;15;1;2;
185;21;2018-02-03;15:30:00;14;13;1;1;
186;21;2018-02-03;15:30:00;12;4;0;0;
187;21;2018-02-03;18:30:00;10;5;0;1;
188;21;2018-02-04;15:30:00;8;3;3;0;
189;21;2018-02-04;18:00:00;17;7;1;1;
190;22;2018-02-09;20:30:00;5;8;2;0;
191;22;2018-02-10;15:30:00;2;17;2;0;
192;22;2018-02-10;15:30:00;4;11;0;2;
193;22;2018-02-10;15:30:00;3;18;4;2;
194;22;2018-02-10;15:30:00;7;12;2;1;
195;22;2018-02-10;15:30:00;9;16;4;2;
196;22;2018-02-10;18:30:00;1;6;2;1;
197;22;2018-02-11;15:30:00;13;10;1;0;
198;22;2018-02-11;18:00:00;15;14;3;1;
199;23;2018-02-16;20:30:00;11;16;0;2;
200;23;2018-02-17;15:30:00;14;1;1;2;
201;23;2018-02-17;15:30:00;17;4;1;2;
202;23;2018-02-17;15:30:00;12;15;1;0;
203;23;2018-02-17;15:30:00;18;7;1;1;
204;23;2018-02-17;18:30:00;6;9;2;1;
205;23;2018-02-18;15:30:00;8;13;0;1;
206;23;2018-02-18;18:00:00;10;2;0;1;
207;23;2018-02-19;20:30:00;3;5;2;1;
235;27;2018-03-16;20:30:00;12;13;0;0;
236;27;2018-03-17;15:30:00;8;15;0;0;
237;27;2018-03-17;15:30:00;10;9;0;0;
238;27;2018-03-17;15:30:00;17;11;0;0;
239;27;2018-03-17;15:30:00;3;16;0;0;
240;27;2018-03-17;18:30:00;14;6;0;0;
241;27;2018-03-18;13:30:00;2;7;0;0;
242;27;2018-03-18;15:30:00;18;4;0;0;
243;27;2018-03-18;18:00:00;5;1;0;0;
244;28;2018-03-31;15:30:00;7;5;0;0;
245;28;2018-03-31;15:30:00;15;3;0;0;
246;28;2018-03-31;15:30:00;9;18;0;0;
247;28;2018-03-31;15:30:00;13;17;0;0;
248;28;2018-03-31;15:30:00;11;14;0;0;
249;28;2018-03-31;15:30:00;1;2;0;0;
250;28;2018-03-31;15:30:00;16;10;0;0;
251;28;2018-03-31;15:30:00;4;8;0;0;
252;28;2018-03-31;15:30:00;6;12;0;0;
253;29;2018-04-07;15:30:00;17;6;0;0;
254;29;2018-04-07;15:30:00;7;15;0;0;
255;29;2018-04-07;15:30:00;10;11;0;0;
256;29;2018-04-07;15:30:00;8;1;0;0;
257;29;2018-04-07;15:30:00;18;16;0;0;
258;29;2018-04-07;15:30:00;3;9;0;0;
259;29;2018-04-07;15:30:00;5;4;0;0;
260;29;2018-04-07;15:30:00;2;13;0;0;
261;29;2018-04-07;15:30:00;12;14;0;0;
262;30;2018-04-14;15:30:00;16;12;0;0;
263;30;2018-04-14;15:30:00;9;17;0;0;
264;30;2018-04-14;15:30:00;6;2;0;0;
265;30;2018-04-14;15:30:00;13;7;0;0;
266;30;2018-04-14;15:30:00;15;5;0;0;
267;30;2018-04-14;15:30:00;14;8;0;0;
268;30;2018-04-14;15:30:00;11;18;0;0;
269;30;2018-04-14;15:30:00;4;3;0;0;
270;30;2018-04-14;15:30:00;1;10;0;0;
271;31;2018-04-21;15:30:00;2;4;0;0;
272;31;2018-04-21;15:30:00;7;1;0;0;
273;31;2018-04-21;15:30:00;10;14;0;0;
274;31;2018-04-21;15:30:00;17;12;0;0;
275;31;2018-04-21;15:30:00;5;9;0;0;
276;31;2018-04-21;15:30:00;3;11;0;0;
277;31;2018-04-21;15:30:00;18;6;0;0;
278;31;2018-04-21;15:30:00;13;15;0;0;
279;31;2018-04-21;15:30:00;8;16;0;0;
280;32;2018-04-28;15:30:00;9;7;0;0;
281;32;2018-04-28;15:30:00;16;5;0;0;
282;32;2018-04-28;15:30:00;6;10;0;0;
283;32;2018-04-28;15:30:00;1;3;0;0;
284;32;2018-04-28;15:30:00;11;8;0;0;
285;32;2018-04-28;15:30:00;15;2;0;0;
286;32;2018-04-28;15:30:00;4;13;0;0;
287;32;2018-04-28;15:30:00;12;18;0;0;
288;32;2018-04-28;15:30:00;14;17;0;0;
289;33;2018-05-05;15:30:00;7;11;0;0;
290;33;2018-05-05;15:30:00;10;12;0;0;
291;33;2018-05-05;15:30:00;3;17;0;0;
292;33;2018-05-05;15:30:00;18;1;0;0;
293;33;2018-05-05;15:30:00;13;9;0;0;
294;33;2018-05-05;15:30:00;2;16;0;0;
295;33;2018-05-05;15:30:00;15;4;0;0;
296;33;2018-05-05;15:30:00;8;6;0;0;
297;33;2018-05-05;15:30:00;5;14;0;0;
298;34;2018-05-12;15:30:00;17;10;0;0;
299;34;2018-05-12;15:30:00;9;2;0;0;
300;34;2018-05-12;15:30:00;4;7;0;0;
301;34;2018-05-12;15:30:00;6;3;0;0;
302;34;2018-05-12;15:30:00;14;18;0;0;
303;34;2018-05-12;15:30:00;1;13;0;0;
304;34;2018-05-12;15:30:00;11;5;0;0;
305;34;2018-05-12;15:30:00;12;8;0;0;
306;34;2018-05-12;15:30:00;16;15;0;0;
307;1;2017-07-28;20:30:00;32;29;0;1;
308;1;2017-07-29;13:00:00;25;28;0;1;
309;1;2017-07-29;15:30:00;35;34;1;0;
310;1;2017-07-29;15:30:00;23;26;2;1;
311;1;2017-07-30;13:30:00;19;36;3;0;
312;1;2017-07-30;15:30:00;21;22;2;2;
313;1;2017-07-30;15:30:00;31;24;1;0;
314;1;2017-07-31;20:30:00;20;30;2;2;
315;1;2017-08-09;20:00:00;27;33;2;1;
316;2;2017-08-04;18:30:00;22;25;1;0;
317;2;2017-08-04;18:30:00;28;21;4;3;
318;2;2017-08-04;20:30:00;36;35;1;1;
319;2;2017-08-05;13:00:00;24;32;1;1;
320;2;2017-08-05;15:30:00;30;27;2;0;
321;2;2017-08-06;13:30:00;26;19;0;1;
322;2;2017-08-06;15:30:00;33;20;0;2;
323;2;2017-08-06;15:30:00;34;23;1;2;
324;2;2017-08-07;20:30:00;29;31;2;2;
325;3;2017-08-18;18:30:00;30;33;1;1;
326;3;2017-08-18;18:30:00;35;29;3;0;
327;3;2017-08-19;13:00:00;27;24;1;2;
328;3;2017-08-19;13:00:00;31;22;0;4;
329;3;2017-08-19;13:00:00;20;36;2;0;
330;3;2017-08-20;13:30:00;21;34;3;1;
331;3;2017-08-20;13:30:00;19;28;2;2;
332;3;2017-08-20;13:30:00;25;26;2;4;
333;3;2017-08-21;20:30:00;23;32;2;0;
334;4;2017-08-25;18:30:00;24;35;1;2;
335;4;2017-08-25;18:30:00;34;25;0;1;
336;4;2017-08-26;13:00:00;33;19;3;1;
337;4;2017-08-26;13:00:00;29;27;1;0;
338;4;2017-08-26;13:00:00;26;21;1;2;
339;4;2017-08-27;13:30:00;32;31;3;2;
340;4;2017-08-27;13:30:00;28;23;1;1;
341;4;2017-08-27;13:30:00;22;20;1;2;
342;4;2017-08-28;20:30:00;36;30;1;1;
343;5;2017-09-08;18:30:00;27;26;1;3;
344;5;2017-09-08;18:30:00;31;34;1;1;
345;5;2017-09-09;13:00:00;25;33;1;2;
346;5;2017-09-09;13:00:00;23;24;0;4;
347;5;2017-09-09;13:00:00;21;36;2;1;
348;5;2017-09-10;13:30:00;30;22;1;1;
349;5;2017-09-10;13:30:00;20;28;3;2;
350;5;2017-09-10;13:30:00;35;32;1;2;
351;5;2017-09-11;20:30:00;19;29;0;1;
352;6;2017-09-15;18:30:00;33;21;0;3;
353;6;2017-09-15;18:30:00;28;30;1;1;
354;6;2017-09-16;13:00:00;24;19;1;6;
355;6;2017-09-16;13:00:00;29;25;0;4;
356;6;2017-09-16;13:00:00;22;36;1;0;
357;6;2017-09-17;13:30:00;26;31;0;2;
358;6;2017-09-17;13:30:00;35;23;4;3;
359;6;2017-09-17;13:30:00;32;27;1;2;
360;6;2017-09-17;13:30:00;34;20;3;1;
361;7;2017-09-19;18:30:00;25;24;2;2;
362;7;2017-09-19;18:30:00;21;29;0;1;
363;7;2017-09-19;18:30:00;36;33;0;2;
364;7;2017-09-19;18:30:00;22;28;1;0;
365;7;2017-09-20;18:30:00;30;34;3;0;
366;7;2017-09-20;18:30:00;31;23;0;2;
367;7;2017-09-20;18:30:00;20;26;1;0;
368;7;2017-09-20;18:30:00;27;35;2;2;
369;7;2017-09-21;20:30:00;19;32;3;1;
370;8;2017-09-22;18:30:00;33;22;1;0;
371;8;2017-09-22;18:30:00;24;21;1;3;
372;8;2017-09-23;13:00:00;26;30;2;1;
373;8;2017-09-23;13:00:00;23;27;1;1;
374;8;2017-09-23;13:00:00;29;20;1;2;
375;8;2017-09-24;13:30:00;32;25;2;0;
376;8;2017-09-24;13:30:00;34;19;1;3;
377;8;2017-09-24;13:30:00;35;31;3;3;
378;8;2017-09-25;20:30:00;28;36;5;0;
379;9;2017-09-29;18:30:00;25;35;3;0;
380;9;2017-09-29;18:30:00;36;34;3;0;
381;9;2017-09-30;13:00:00;33;28;1;2;
382;9;2017-09-30;13:00:00;19;23;1;2;
383;9;2017-09-30;13:00:00;21;32;3;0;
384;9;2017-10-01;13:30:00;30;29;0;2;
385;9;2017-10-01;13:30:00;27;31;0;2;
386;9;2017-10-01;13:30:00;22;26;2;0;
387;9;2017-10-02;20:30:00;20;24;3;1;
388;10;2017-10-13;18:30:00;29;36;1;1;
389;10;2017-10-13;18:30:00;24;30;0;0;
390;10;2017-10-14;13:00:00;31;25;2;2;
391;10;2017-10-14;13:00:00;32;22;2;0;
392;10;2017-10-14;13:00:00;23;20;0;2;
393;10;2017-10-15;13:30:00;26;28;0;2;
394;10;2017-10-15;13:30:00;27;21;3;5;
395;10;2017-10-15;13:30:00;34;33;2;1;
396;10;2017-10-16;20:30:00;35;19;3;4;
397;11;2017-10-20;18:30:00;25;27;3;0;
398;11;2017-10-20;18:30:00;20;35;1;0;
399;11;2017-10-21;13:00:00;30;32;1;0;
400;11;2017-10-21;13:00:00;21;23;2;1;
401;11;2017-10-21;13:00:00;28;34;3;1;
402;11;2017-10-22;13:30:00;33;26;1;0;
403;11;2017-10-22;13:30:00;19;31;2;1;
404;11;2017-10-22;13:30:00;36;24;0;1;
405;11;2017-10-23;20:30:00;22;29;1;1;
406;12;2017-10-27;18:30:00;23;25;1;3;
407;12;2017-10-27;18:30:00;29;33;1;1;
408;12;2017-10-28;13:00:00;26;36;3;1;
409;12;2017-10-28;13:00:00;34;22;2;1;
410;12;2017-10-28;13:00:00;35;21;1;1;
411;12;2017-10-29;13:30:00;24;28;1;1;
412;12;2017-10-29;13:30:00;27;19;1;0;
413;12;2017-10-29;16:00:00;31;30;1;1;
414;12;2017-10-30;20:30:00;32;20;0;0;
415;13;2017-11-03;18:30:00;22;24;0;1;
416;13;2017-11-03;18:30:00;36;32;0;0;
417;13;2017-11-04;13:00:00;26;34;3;2;
418;13;2017-11-04;13:00:00;30;35;2;2;
419;13;2017-11-04;13:00:00;28;29;1;0;
420;13;2017-11-05;13:30:00;33;23;1;1;
421;13;2017-11-05;13:30:00;21;31;3;0;
422;13;2017-11-05;13:30:00;20;27;2;2;
423;13;2017-11-06;20:30:00;19;25;1;2;
433;1;2017-07-21;20:30:00;40;52;2;2;
434;1;2017-07-22;14:00:00;50;41;0;2;
435;1;2017-07-22;14:00:00;49;38;4;4;
436;1;2017-07-22;14:00:00;55;44;3;0;
437;1;2017-07-22;14:00:00;39;51;1;0;
438;1;2017-07-22;14:00:00;56;48;1;1;
439;1;2017-07-22;14:00:00;42;43;1;0;
440;1;2017-07-22;14:00:00;45;46;2;2;
441;1;2017-07-23;14:00:00;47;37;4;1;
442;1;2017-07-23;14:00:00;54;53;1;0;
443;2;2017-07-28;19:00:00;44;40;3;2;
444;2;2017-07-28;19:00:00;52;39;0;4;
445;2;2017-07-29;14:00:00;37;56;3;0;
446;2;2017-07-29;14:00:00;53;50;1;1;
447;2;2017-07-29;14:00:00;48;45;3;0;
448;2;2017-07-29;14:00:00;38;54;3;2;
449;2;2017-07-29;14:00:00;51;42;0;2;
450;2;2017-07-29;14:00:00;43;49;2;1;
451;2;2017-07-29;14:00:00;41;47;0;0;
452;2;2017-07-30;14:00:00;46;55;1;1;
453;3;2017-08-01;19:00:00;47;53;2;0;
454;3;2017-08-01;19:00:00;39;44;1;0;
455;3;2017-08-01;19:00:00;50;38;1;2;
456;3;2017-08-01;19:00:00;56;41;0;1;
457;3;2017-08-01;19:00:00;49;51;0;2;
458;3;2017-08-02;19:00:00;42;52;3;0;
459;3;2017-08-02;19:00:00;46;48;0;1;
460;3;2017-08-02;19:00:00;55;40;2;0;
461;3;2017-08-02;19:00:00;45;37;1;2;
462;3;2017-08-02;19:00:00;54;43;2;4;
463;4;2017-08-04;19:00:00;53;56;1;1;
464;4;2017-08-05;14:00:00;51;54;1;1;
465;4;2017-08-05;14:00:00;41;45;1;2;
466;4;2017-08-05;14:00:00;40;39;2;1;
467;4;2017-08-05;14:00:00;38;47;5;0;
468;4;2017-08-05;14:00:00;43;50;3;0;
469;4;2017-08-05;14:00:00;48;55;0;1;
470;4;2017-08-05;14:00:00;44;42;2;2;
471;4;2017-08-06;14:00:00;52;49;3;3;
472;4;2017-08-06;14:00:00;37;46;2;1;
473;5;2017-08-18;19:00:00;45;53;4;0;
474;5;2017-08-18;19:00:00;42;40;4;0;
475;5;2017-08-19;14:00:00;49;44;1;2;
476;5;2017-08-19;14:00:00;55;39;0;0;
477;5;2017-08-19;14:00:00;48;37;0;1;
478;5;2017-08-19;14:00:00;47;43;0;0;
479;5;2017-08-19;14:00:00;56;38;0;1;
480;5;2017-08-19;14:00:00;54;52;0;0;
481;5;2017-08-20;14:00:00;50;51;4;0;
482;5;2017-08-20;14:00:00;46;41;0;3;
483;6;2017-08-25;19:00:00;38;45;1;0;
484;6;2017-08-26;14:00:00;44;54;4;2;
485;6;2017-08-26;14:00:00;43;56;1;1;
486;6;2017-08-26;14:00:00;39;42;1;1;
487;6;2017-08-26;14:00:00;37;55;4;1;
488;6;2017-08-26;14:00:00;52;50;1;0;
489;6;2017-08-26;14:00:00;40;49;1;1;
490;6;2017-08-26;14:00:00;51;47;0;0;
491;6;2017-08-27;14:00:00;53;46;0;1;
492;6;2017-08-27;14:00:00;41;48;1;1;
493;7;2017-09-08;19:00:00;55;42;1;2;
494;7;2017-09-08;19:00:00;48;53;0;2;
495;7;2017-09-09;14:00:00;54;40;0;0;
496;7;2017-09-09;14:00:00;49;39;2;1;
497;7;2017-09-09;14:00:00;37;41;2;0;
498;7;2017-09-09;14:00:00;47;52;0;1;
499;7;2017-09-09;14:00:00;56;51;1;0;
500;7;2017-09-09;14:00:00;46;38;2;3;
501;7;2017-09-09;14:00:00;50;44;2;1;
502;7;2017-09-10;14:00:00;45;43;1;1;
503;8;2017-09-15;19:00:00;39;54;2;1;
504;8;2017-09-15;19:00:00;53;37;3;1;
505;8;2017-09-15;19:00:00;52;56;0;1;
506;8;2017-09-16;14:00:00;41;55;0;0;
507;8;2017-09-16;14:00:00;51;45;2;2;
508;8;2017-09-16;14:00:00;38;48;2;1;
509;8;2017-09-16;14:00:00;42;49;1;1;
510;8;2017-09-16;14:00:00;40;50;1;0;
511;8;2017-09-16;14:00:00;44;47;1;4;
512;8;2017-09-16;14:00:00;43;46;2;3;
513;9;2017-09-19;19:00:00;50;39;0;1;
514;9;2017-09-19;19:00:00;41;53;1;1;
515;9;2017-09-19;19:00:00;37;38;1;0;
516;9;2017-09-19;19:00:00;47;40;1;0;
517;9;2017-09-19;19:00:00;55;49;1;2;
518;9;2017-09-20;18:30:00;45;52;1;0;
519;9;2017-09-20;19:00:00;46;51;2;2;
520;9;2017-09-20;19:00:00;48;43;1;1;
521;9;2017-09-20;19:00:00;56;44;0;2;
522;9;2017-09-20;19:00:00;54;42;1;2;
523;10;2017-09-22;19:00:00;38;41;2;1;
524;10;2017-09-23;14:00:00;52;46;1;1;
525;10;2017-09-23;14:00:00;42;50;0;3;
526;10;2017-09-23;14:00:00;51;48;2;0;
527;10;2017-09-23;14:00:00;49;54;0;3;
528;10;2017-09-23;14:00:00;44;45;4;0;
529;10;2017-09-23;14:00:00;53;55;1;0;
530;10;2017-09-23;14:00:00;39;47;5;0;
531;10;2017-09-24;14:00:00;43;37;0;1;
532;10;2017-09-24;14:00:00;40;56;2;0;
533;11;2017-09-29;19:00:00;50;49;2;1;
534;11;2017-09-30;14:00:00;47;42;1;3;
535;11;2017-09-30;14:00:00;41;43;1;0;
536;11;2017-09-30;14:00:00;46;44;0;2;
537;11;2017-09-30;14:00:00;56;39;1;3;
538;11;2017-09-30;14:00:00;48;52;4;1;
539;11;2017-09-30;14:00:00;55;54;1;1;
540;11;2017-10-01;14:00:00;53;38;1;3;
541;11;2017-10-01;14:00:00;37;51;2;0;
542;11;2017-10-01;14:00:00;45;40;2;0;
543;12;2017-10-13;19:00:00;49;47;3;0;
544;12;2017-10-13;19:00:00;42;56;2;0;
545;12;2017-10-13;19:00:00;52;37;0;2;
546;12;2017-10-14;14:00:00;38;55;7;1;
547;12;2017-10-14;14:00:00;43;53;2;2;
548;12;2017-10-14;14:00:00;51;41;1;0;
549;12;2017-10-14;14:00:00;39;45;0;1;
550;12;2017-10-14;14:00:00;40;46;2;0;
551;12;2017-10-14;14:00:00;44;48;1;0;
552;12;2017-10-14;14:00:00;54;50;3;1;
553;13;2017-10-20;19:00:00;47;54;3;1;
554;13;2017-10-20;19:00:00;41;52;2;0;
555;13;2017-10-21;14:00:00;45;42;1;0;
556;13;2017-10-21;14:00:00;48;40;1;1;
557;13;2017-10-21;14:00:00;46;39;0;5;
558;13;2017-10-21;14:00:00;38;43;3;0;
559;13;2017-10-21;14:00:00;56;49;1;1;
560;13;2017-10-21;14:00:00;55;50;1;1;
561;13;2017-10-21;14:00:00;37;44;0;3;
562;13;2017-10-22;14:00:00;53;51;2;1;
563;14;2017-10-27;19:00:00;44;41;0;3;
564;14;2017-10-27;19:00:00;54;56;1;0;
565;14;2017-10-28;14:00:00;50;47;0;2;
566;14;2017-10-28;14:00:00;49;45;2;0;
567;14;2017-10-28;14:00:00;51;38;3;1;
568;14;2017-10-28;14:00:00;52;53;4;0;
569;14;2017-10-28;14:00:00;43;55;1;0;
570;14;2017-10-28;14:00:00;42;46;2;1;
571;14;2017-10-29;14:00:00;40;37;1;0;
572;14;2017-10-29;14:00:00;39;48;6;2;
573;15;2017-11-03;19:00:00;55;47;0;5;
574;15;2017-11-03;19:00:00;48;42;1;1;
575;15;2017-11-04;14:00:00;45;54;3;2;
576;15;2017-11-04;14:00:00;37;39;0;0;
577;15;2017-11-04;14:00:00;38;52;3;0;
578;15;2017-11-04;14:00:00;53;44;1;3;
579;15;2017-11-04;14:00:00;43;51;3;1;
580;15;2017-11-04;14:00:00;46;49;1;0;
581;15;2017-11-05;14:00:00;56;50;2;3;
582;15;2017-11-05;14:00:00;41;40;0;3;
583;16;2017-11-17;19:00:00;52;43;4;1;
584;16;2017-11-17;19:00:00;39;41;0;1;
585;16;2017-11-17;19:00:00;49;48;3;0;
586;16;2017-11-18;14:00:00;50;45;2;2;
587;16;2017-11-18;14:00:00;54;46;0;3;
588;16;2017-11-18;14:00:00;42;37;1;2;
589;16;2017-11-18;14:00:00;47;56;1;0;
590;16;2017-11-18;14:00:00;44;38;0;3;
591;16;2017-11-18;14:00:00;51;55;2;1;
592;16;2017-11-18;14:30:00;40;53;1;0;
593;17;2017-11-24;19:00:00;48;54;1;0;
594;17;2017-11-24;19:00:00;45;47;1;1;
595;17;2017-11-24;19:00:00;38;40;0;2;
596;17;2017-11-25;14:00:00;37;49;2;1;
597;17;2017-11-25;14:00:00;46;50;2;1;
598;17;2017-11-25;14:00:00;55;56;0;0;
599;17;2017-11-25;14:00:00;43;44;3;1;
600;17;2017-11-25;14:00:00;51;52;0;0;
601;17;2017-11-25;14:00:00;41;42;5;3;
602;17;2017-11-25;14:00:00;53;39;0;2;
603;18;2017-12-01;19:00:00;49;41;0;2;
604;18;2017-12-02;14:00:00;40;43;0;0;
605;18;2017-12-02;14:00:00;50;48;0;0;
606;18;2017-12-02;14:00:00;54;37;2;3;
607;18;2017-12-02;14:00:00;42;53;1;1;
608;18;2017-12-02;14:00:00;39;38;4;1;
609;18;2017-12-02;14:00:00;56;45;0;0;
610;18;2017-12-03;14:00:00;55;52;2;2;
611;18;2017-12-03;14:00:00;47;46;1;3;
612;18;2017-12-03;14:00:00;44;51;3;2;
613;19;2017-12-08;18:30:00;46;56;4;1;
614;19;2017-12-08;19:00:00;37;50;2;0;
615;19;2017-12-09;13:00:00;51;40;0;0;
616;19;2017-12-09;14:00:00;52;44;2;0;
617;19;2017-12-09;14:00:00;48;47;1;4;
618;19;2017-12-09;14:00:00;45;55;2;2;
619;19;2017-12-09;14:00:00;38;42;3;1;
620;19;2017-12-09;14:00:00;43;39;1;0;
621;19;2017-12-10;14:00:00;53;49;1;1;
622;19;2017-12-10;14:00:00;41;54;3;1;
623;20;2017-12-15;19:00:00;43;42;1;1;
624;20;2017-12-15;19:00:00;38;49;0;0;
625;20;2017-12-16;13:00:00;51;39;4;3;
626;20;2017-12-16;14:00:00;46;45;2;0;
627;20;2017-12-16;14:00:00;53;54;3;2;
628;20;2017-12-16;14:00:00;41;50;0;3;
629;20;2017-12-16;14:00:00;37;47;3;0;
630;20;2017-12-16;14:00:00;44;55;1;0;
631;20;2018-01-30;19:00:00;48;56;5;0;
632;20;2018-02-14;19:00:00;52;40;0;0;
633;21;2018-01-20;14:00:00;40;44;3;1;
634;21;2018-01-20;14:00:00;49;43;3;2;
635;21;2018-01-20;14:00:00;39;52;5;1;
636;21;2018-01-20;14:00:00;54;38;0;2;
637;21;2018-01-20;14:00:00;42;51;1;0;
638;21;2018-01-20;14:00:00;50;53;1;0;
639;21;2018-01-21;14:00:00;45;48;2;0;
640;21;2018-01-21;14:00:00;55;46;0;1;
641;21;2018-01-22;20:30:00;56;37;3;1;
642;21;2018-03-20;19:00:00;47;41;0;0;
643;22;2018-01-26;19:00:00;48;46;1;0;
644;22;2018-01-26;19:00:00;53;47;2;0;
645;22;2018-01-27;14:00:00;43;54;3;2;
646;22;2018-01-27;14:00:00;52;42;2;2;
647;22;2018-01-27;14:00:00;37;45;0;0;
648;22;2018-01-27;14:00:00;40;55;1;0;
649;22;2018-01-27;14:00:00;44;39;0;1;
650;22;2018-01-27;14:00:00;41;56;3;1;
651;22;2018-01-27;14:00:00;38;50;5;0;
652;22;2018-01-28;14:00:00;51;49;2;1;
653;23;2018-02-02;19:00:00;50;43;2;0;
654;23;2018-02-02;19:00:00;39;40;1;1;
655;23;2018-02-03;14:00:00;47;38;1;1;
656;23;2018-02-03;14:00:00;42;44;0;0;
657;23;2018-02-03;14:00:00;45;41;0;2;
658;23;2018-02-03;14:00:00;55;48;2;4;
659;23;2018-02-03;14:00:00;46;37;1;0;
660;23;2018-02-03;14:00:00;49;52;1;0;
661;23;2018-02-03;14:00:00;54;51;1;0;
662;23;2018-02-04;14:00:00;56;53;0;3;
663;24;2018-02-09;19:00:00;52;54;6;1;
664;24;2018-02-09;19:00:00;38;56;0;1;
665;24;2018-02-10;14:00:00;40;42;1;0;
666;24;2018-02-10;14:00:00;41;46;3;1;
667;24;2018-02-10;14:00:00;37;48;3;1;
668;24;2018-02-10;14:00:00;51;50;2;2;
669;24;2018-02-10;14:00:00;43;47;4;1;
670;24;2018-02-10;14:00:00;53;45;0;1;
671;24;2018-02-11;14:00:00;44;49;1;1;
672;24;2018-02-11;14:00:00;39;55;2;2;
673;25;2018-02-16;19:00:00;48;41;2;0;
674;25;2018-02-17;14:00:00;47;51;0;0;
675;25;2018-02-17;14:00:00;45;38;0;0;
676;25;2018-02-17;14:00:00;42;39;1;0;
677;25;2018-02-17;14:00:00;54;44;2;1;
678;25;2018-02-17;14:00:00;49;40;0;1;
679;25;2018-02-17;14:00:00;46;53;1;1;
680;25;2018-02-17;14:00:00;55;37;1;3;
681;25;2018-02-18;14:00:00;50;52;2;3;
682;25;2018-02-18;14:00:00;56;43;0;1;
713;29;2018-03-10;14:00:00;47;39;0;0;
714;29;2018-03-10;14:00:00;45;44;0;0;
715;29;2018-03-10;14:00:00;48;51;0;0;
716;29;2018-03-10;14:00:00;55;53;0;0;
717;29;2018-03-10;14:00:00;46;52;0;0;
718;29;2018-03-10;14:00:00;50;42;0;0;
719;29;2018-03-10;14:00:00;41;38;0;0;
720;29;2018-03-11;14:00:00;56;40;0;0;
721;29;2018-03-11;14:00:00;54;49;0;0;
722;29;2018-03-11;14:00:00;37;43;0;0;
723;30;2018-03-16;19:00:00;49;50;0;0;
724;30;2018-03-16;19:00:00;42;47;0;0;
725;30;2018-03-16;19:00:00;39;56;0;0;
726;30;2018-03-17;14:00:00;51;37;0;0;
727;30;2018-03-17;14:00:00;40;45;0;0;
728;30;2018-03-17;14:00:00;43;41;0;0;
729;30;2018-03-17;14:00:00;38;53;0;0;
730;30;2018-03-17;14:00:00;52;48;0;0;
731;30;2018-03-17;14:00:00;44;46;0;0;
732;30;2018-03-18;14:00:00;54;55;0;0;
733;31;2018-03-23;19:00:00;55;38;0;0;
734;31;2018-03-24;14:00:00;50;54;0;0;
735;31;2018-03-24;14:00:00;48;44;0;0;
736;31;2018-03-24;14:00:00;46;40;0;0;
737;31;2018-03-24;14:00:00;56;42;0;0;
738;31;2018-03-24;14:00:00;47;49;0;0;
739;31;2018-03-24;14:00:00;41;51;0;0;
740;31;2018-03-24;14:00:00;45;39;0;0;
741;31;2018-03-24;19:00:00;53;43;0;0;
742;31;2018-03-25;14:00:00;37;52;0;0;
743;32;2018-03-31;14:00:00;54;47;0;0;
744;32;2018-03-31;14:00:00;44;37;0;0;
745;32;2018-03-31;14:00:00;52;41;0;0;
746;32;2018-03-31;14:00:00;42;45;0;0;
747;32;2018-03-31;14:00:00;51;53;0;0;
748;32;2018-03-31;14:00:00;49;56;0;0;
749;32;2018-03-31;14:00:00;40;48;0;0;
750;32;2018-03-31;14:00:00;43;38;0;0;
751;32;2018-03-31;14:00:00;50;55;0;0;
752;32;2018-03-31;14:00:00;39;46;0;0;
753;33;2018-04-07;14:00:00;47;50;0;0;
754;33;2018-04-07;14:00:00;56;54;0;0;
755;33;2018-04-07;14:00:00;37;40;0;0;
756;33;2018-04-07;14:00:00;53;52;0;0;
757;33;2018-04-07;14:00:00;45;49;0;0;
758;33;2018-04-07;14:00:00;55;43;0;0;
759;33;2018-04-07;14:00:00;48;39;0;0;
760;33;2018-04-07;14:00:00;46;42;0;0;
761;33;2018-04-07;14:00:00;38;51;0;0;
762;33;2018-04-07;14:00:00;41;44;0;0;
763;34;2018-04-14;14:00:00;44;53;0;0;
764;34;2018-04-14;14:00:00;42;48;0;0;
765;34;2018-04-14;14:00:00;54;45;0;0;
766;34;2018-04-14;14:00:00;39;37;0;0;
767;34;2018-04-14;14:00:00;51;43;0;0;
768;34;2018-04-14;14:00:00;52;38;0;0;
769;34;2018-04-14;14:00:00;50;56;0;0;
770;34;2018-04-14;14:00:00;47;55;0;0;
771;34;2018-04-14;14:00:00;40;41;0;0;
772;34;2018-04-14;14:00:00;49;46;0;0;
773;35;2018-04-21;14:00:00;43;52;0;0;
774;35;2018-04-21;14:00:00;48;49;0;0;
775;35;2018-04-21;14:00:00;45;50;0;0;
776;35;2018-04-21;14:00:00;41;39;0;0;
777;35;2018-04-21;14:00:00;53;40;0;0;
778;35;2018-04-21;14:00:00;46;54;0;0;
779;35;2018-04-21;14:00:00;55;51;0;0;
780;35;2018-04-21;14:00:00;56;47;0;0;
781;35;2018-04-21;14:00:00;37;42;0;0;
782;35;2018-04-21;14:00:00;38;44;0;0;
783;36;2018-04-28;14:00:00;44;43;0;0;
784;36;2018-04-28;14:00:00;49;37;0;0;
785;36;2018-04-28;14:00:00;56;55;0;0;
786;36;2018-04-28;14:00:00;50;46;0;0;
787;36;2018-04-28;14:00:00;42;41;0;0;
788;36;2018-04-28;14:00:00;39;53;0;0;
789;36;2018-04-28;14:00:00;40;38;0;0;
790;36;2018-04-28;14:00:00;47;45;0;0;
791;36;2018-04-28;14:00:00;52;51;0;0;
792;36;2018-04-28;14:00:00;54;48;0;0;
793;37;2018-05-05;13:30:00;53;42;0;0;
794;37;2018-05-05;13:30:00;46;47;0;0;
795;37;2018-05-05;13:30:00;41;49;0;0;
796;37;2018-05-05;13:30:00;48;50;0;0;
797;37;2018-05-05;13:30:00;52;55;0;0;
798;37;2018-05-05;13:30:00;45;56;0;0;
799;37;2018-05-05;13:30:00;37;54;0;0;
800;37;2018-05-05;13:30:00;43;40;0;0;
801;37;2018-05-05;13:30:00;38;39;0;0;
802;37;2018-05-05;13:30:00;51;44;0;0;
803;38;2018-05-12;13:30:00;44;52;0;0;
804;38;2018-05-12;13:30:00;47;48;0;0;
805;38;2018-05-12;13:30:00;56;46;0;0;
806;38;2018-05-12;13:30:00;49;53;0;0;
807;38;2018-05-12;13:30:00;40;51;0;0;
808;38;2018-05-12;13:30:00;42;38;0;0;
809;38;2018-05-12;13:30:00;39;43;0;0;
810;38;2018-05-12;13:30:00;54;41;0;0;
811;38;2018-05-12;13:30:00;50;37;0;0;
812;38;2018-05-12;13:30:00;55;45;0;0;
934;24;2018-02-23;18:30:00;26;20;4;3;
935;24;2018-02-23;18:30:00;23;31;2;3;
936;24;2018-02-24;13:00:00;28;22;2;1;
937;24;2018-02-24;13:00:00;33;36;2;1;
938;24;2018-02-24;13:00:00;24;25;2;1;
939;24;2018-02-24;13:00:00;34;30;2;1;
940;24;2018-02-25;13:30:00;29;21;3;2;
941;24;2018-02-25;13:30:00;32;19;0;0;
942;24;2018-02-25;13:30:00;35;27;1;1;
943;26;2018-02-23;19:00:00;42;55;2;1;
944;26;2018-02-24;14:00:00;39;49;3;1;
945;26;2018-02-24;14:00:00;52;47;2;1;
946;26;2018-02-24;14:00:00;41;37;1;0;
947;26;2018-02-24;14:00:00;38;46;0;0;
948;26;2018-02-24;14:00:00;43;45;1;1;
949;26;2018-02-24;14:00:00;44;50;3;0;
950;26;2018-02-24;14:00:00;53;48;1;0;
951;26;2018-02-25;14:00:00;51;56;1;0;
952;26;2018-02-25;14:00:00;40;54;2;0;
953;24;2018-02-23;20:30:00;16;14;1;1;
954;24;2018-02-24;15:30:00;7;10;0;1;
955;24;2018-02-24;15:30:00;9;12;1;1;
956;24;2018-02-24;15:30:00;1;11;0;0;
957;24;2018-02-24;15:30:00;13;3;1;0;
958;24;2018-02-24;18:30:00;15;17;1;0;
959;24;2018-02-25;15:30:00;4;6;0;2;
960;24;2018-02-25;18:00:00;5;18;1;2;
961;24;2018-02-26;00:00:00;2;8;1;1;
1121;25;2018-03-02;20:30:00;10;15;2;2;
1122;25;2018-03-03;15:30:00;14;4;1;2;
1123;25;2018-03-03;15:30:00;3;7;1;0;
1124;25;2018-03-03;15:30:00;6;11;1;0;
1125;25;2018-03-03;15:30:00;8;9;0;2;
1126;25;2018-03-03;15:30:00;17;16;0;0;
1127;25;2018-03-03;18:30:00;5;2;1;1;
1128;25;2018-03-04;15:30:00;18;13;2;3;
1129;25;2018-03-04;18:00:00;12;1;0;4;
1139;27;2018-03-02;19:00:00;55;41;1;1;
1140;27;2018-03-02;19:00:00;50;40;1;1;
1141;27;2018-03-02;00:00:00;56;52;0;0;
1142;27;2018-03-03;00:00:00;37;53;0;0;
1143;27;2018-03-03;14:00:00;46;43;2;2;
1144;27;2018-03-03;14:00:00;48;38;1;1;
1145;27;2018-03-03;14:00:00;47;44;1;2;
1146;27;2018-03-03;00:00:00;54;39;0;0;
1147;27;2018-03-03;00:00:00;45;51;0;0;
1148;27;2018-03-04;14:00:00;49;42;0;3;
1158;25;2018-03-02;18:30:00;31;35;0;2;
1159;25;2018-03-02;18:30:00;36;28;4;3;
1160;25;2018-03-03;13:00:00;21;24;5;0;
1161;25;2018-03-03;13:00:00;22;33;1;1;
1162;25;2018-03-03;13:00:00;19;34;0;2;
1163;25;2018-03-04;13:30:00;30;26;2;1;
1164;25;2018-03-04;13:30:00;20;29;2;1;
1165;25;2018-03-04;13:30:00;27;23;2;2;
1166;25;2018-03-05;20:30:00;25;32;0;1;
1177;26;2018-03-09;20:30:00;16;6;0;0;
1178;26;2018-03-10;15:30:00;9;14;0;0;
1179;26;2018-03-10;15:30:00;7;8;0;0;
1180;26;2018-03-10;15:30:00;11;12;0;0;
1181;26;2018-03-10;15:30:00;1;17;0;0;
1182;26;2018-03-10;18:30:00;4;10;0;0;
1183;26;2018-03-11;15:30:00;13;5;0;0;
1184;26;2018-03-11;18:00:00;2;3;0;0;
1185;26;2018-03-12;20:30:00;15;18;0;0;
1186;26;2018-03-09;18:30:00;31;27;0;0;
1187;26;2018-03-09;18:30:00;23;19;0;0;
1188;26;2018-03-10;13:00:00;29;30;0;0;
1189;26;2018-03-10;13:00:00;32;21;0;0;
1190;26;2018-03-10;13:00:00;34;36;0;0;
1191;26;2018-03-10;13:00:00;35;25;0;0;
1192;26;2018-03-11;13:30:00;28;33;0;0;
1193;26;2018-03-11;13:30:00;26;22;0;0;
1194;26;2018-03-11;13:30:00;24;20;0;0;
1195;28;2018-03-06;19:00:00;52;45;2;2;
1196;28;2018-03-06;19:00:00;44;56;1;1;
1197;28;2018-03-06;19:00:00;38;37;1;1;
1198;28;2018-03-06;19:00:00;39;50;3;1;
1199;28;2018-03-06;00:00:00;51;46;0;0;
1200;28;2018-03-07;19:00:00;53;41;0;0;
1201;28;2018-03-07;19:00:00;42;54;0;0;
1202;28;2018-03-07;19:00:00;43;48;0;0;
1203;28;2018-03-07;19:00:00;40;47;0;0;
1204;28;2018-03-07;19:00:00;49;55;0;0;
